Source,Marker,LOD95,LOD95VC,LOD95Log,,,,,
Salmonella,invA,4.94,2964,3.471878199,,,,,
Arcobacter,hsp60,8.22,4932,3.693023068,,,,,
Campylobacter,VD16S,11.96,7176,3.85588243,,,,,
Human,HF183,7.12,4727,3.674585602,,,,,
Human,HumM2,23.46,14076,4.148479258,,,,,
Ruminant,Rum2Bac,9.55,5730,3.758154622,,,,,
Gull,LeeSG,6.41,3846,3.58500928,,,,,
Canada Goose,CGO1,4.28,2568,3.409595019,,,,,
Muskrat,MuBac,11.96,7176,3.85588243,,,,,
Dog,Dog3,4.78,2868,3.457579147,,,,,